{
  "participants": [
    "Misbah",
    "Harish",
    "Shorup",
    "Sadia",
    "Beauty",
    "Syed"
  ],
  "expenses": [
    {
      "id": "12731e99-ebde-40be-97cb-1388afc92889",
      "payer": "Shorup",
      "amount": 9.78,
      "description": "Dollarama",
      "date": "2025-11-15",
      "split": [
        "Harish",
        "Shorup",
        "Sadia",
        "Beauty",
        "Syed"
      ]
    },
    {
      "id": "addea0bf-33fe-41db-b771-fbe6a9cfb3f7",
      "payer": "Shorup",
      "amount": 2.48,
      "description": "Fanta - Wholesale",
      "date": "2025-11-15",
      "split": [
        "Harish",
        "Shorup",
        "Sadia",
        "Beauty",
        "Syed"
      ]
    },
    {
      "id": "266d33c2-5523-4731-8ca4-2a4d2ffd1ce7",
      "payer": "Harish",
      "amount": 18.5,
      "description": "Cake + Dollarama",
      "date": "2025-11-15",
      "split": [
        "Harish",
        "Shorup",
        "Sadia",
        "Beauty",
        "Syed"
      ]
    },
    {
      "id": "5737d727-d85d-46b0-a280-624cb72c6280",
      "payer": "Beauty",
      "amount": 25.27,
      "description": "Perfume/gift",
      "date": "2025-11-15",
      "split": [
        "Harish",
        "Shorup",
        "Sadia",
        "Beauty",
        "Syed"
      ]
    },
    {
      "id": "b3ab6874-1597-43f0-aa4a-50274bbb00f5",
      "payer": "Syed",
      "amount": 45.99,
      "description": "Poker Game",
      "date": "2025-11-08",
      "split": [
        "Misbah",
        "Harish",
        "Shorup",
        "Sadia",
        "Beauty",
        "Syed"
      ]
    }
  ],
  "event": "Misbah's Birthday Party & Poker Game",
  "currency": "CAD"
}